{"cameraMode":{"drawMode":0,"name":"Shaded","section":"Shading Mode"},"sceneLighting":false,"audioPlay":false,"sceneViewState":{"showFog":true,"showMaterialUpdate":false,"showSkybox":false,"showFlares":true,"showImageEffects":true,"showParticleSystems":true},"in2DMode":false,"pivot":{"x":2.5299997329711916,"y":0.8600000143051148,"z":1.8172683715820313},"rotation":{"x":0.009501202963292599,"y":-0.9578668475151062,"z":0.2853185832500458,"w":0.031901754438877109},"size":9.33666706085205,"orthographic":false}