{"cameraMode":{"drawMode":0,"name":"Shaded","section":"Shading Mode"},"sceneLighting":false,"audioPlay":false,"sceneViewState":{"showFog":true,"showMaterialUpdate":false,"showSkybox":false,"showFlares":true,"showImageEffects":true,"showParticleSystems":true},"in2DMode":false,"pivot":{"x":220.4210205078125,"y":208.966064453125,"z":186.7403106689453},"rotation":{"x":-0.171784445643425,"y":-0.8241472244262695,"z":0.3338637053966522,"w":-0.42404741048812868},"size":2.8578836917877199,"orthographic":false}