{"cameraMode":{"drawMode":0,"name":"Shaded","section":"Shading Mode"},"sceneLighting":false,"audioPlay":false,"sceneViewState":{"showFog":true,"showMaterialUpdate":false,"showSkybox":false,"showFlares":true,"showImageEffects":true,"showParticleSystems":true},"in2DMode":false,"pivot":{"x":11.605974197387696,"y":1.2232046127319337,"z":130.70948791503907},"rotation":{"x":0.1271507441997528,"y":-0.7676160931587219,"z":0.16072337329387666,"w":0.6072682738304138},"size":3.267035961151123,"orthographic":true}