{"cameraMode":{"drawMode":0,"name":"Shaded","section":"Shading Mode"},"sceneLighting":false,"audioPlay":false,"sceneViewState":{"showFog":true,"showMaterialUpdate":false,"showSkybox":false,"showFlares":true,"showImageEffects":true,"showParticleSystems":true},"in2DMode":false,"pivot":{"x":114.01737976074219,"y":1.2232050895690919,"z":341.2967224121094},"rotation":{"x":0.30980297923088076,"y":-0.11515152454376221,"z":0.03782124072313309,"w":0.9430708885192871},"size":2.8578836917877199,"orthographic":true}