{"cameraMode":{"drawMode":0,"name":"Shaded","section":"Shading Mode"},"sceneLighting":false,"audioPlay":false,"sceneViewState":{"showFog":true,"showMaterialUpdate":false,"showSkybox":false,"showFlares":true,"showImageEffects":true,"showParticleSystems":true},"in2DMode":false,"pivot":{"x":-0.37451171875,"y":0.5609130859375,"z":-1.369140625},"rotation":{"x":0.22866515815258027,"y":0.5595017075538635,"z":-0.16410933434963227,"w":0.7795966267585754},"size":14.219623565673829,"orthographic":true}