{"cameraMode":{"drawMode":0,"name":"Shaded","section":"Shading Mode"},"sceneLighting":false,"audioPlay":false,"sceneViewState":{"showFog":true,"showMaterialUpdate":false,"showSkybox":false,"showFlares":true,"showImageEffects":true,"showParticleSystems":true},"in2DMode":false,"pivot":{"x":-0.025248738005757333,"y":0.6790395379066467,"z":1.9957189559936524},"rotation":{"x":-0.0065249111503362659,"y":-0.9655957818031311,"z":0.2588326334953308,"w":-0.024342430755496026},"size":2.841658592224121,"orthographic":false}