{"cameraMode":{"drawMode":0,"name":"Shaded","section":"Shading Mode"},"sceneLighting":false,"audioPlay":false,"sceneViewState":{"showFog":true,"showMaterialUpdate":false,"showSkybox":false,"showFlares":true,"showImageEffects":true,"showParticleSystems":true},"in2DMode":false,"pivot":{"x":11.618973731994629,"y":1.2232046127319337,"z":130.64151000976563},"rotation":{"x":0.1015099287033081,"y":0.7292400598526001,"z":-0.11088243126869202,"w":0.6675950288772583},"size":1.4289418458938599,"orthographic":true}