{"cameraMode":{"drawMode":0,"name":"Shaded","section":"Shading Mode"},"sceneLighting":false,"audioPlay":false,"sceneViewState":{"showFog":true,"showMaterialUpdate":false,"showSkybox":false,"showFlares":true,"showImageEffects":true,"showParticleSystems":true},"in2DMode":false,"pivot":{"x":-0.48290348052978518,"y":1.6443557739257813,"z":1.2451863288879395},"rotation":{"x":0.37922078371047976,"y":-0.26606568694114687,"z":0.11481834948062897,"w":0.8787590861320496},"size":16.988346099853517,"orthographic":false}